{"cameraMode":{"drawMode":0,"name":"Shaded","section":"Shading Mode"},"sceneLighting":true,"audioPlay":false,"sceneViewState":{"m_AlwaysRefresh":false,"showFog":true,"showSkybox":true,"showFlares":true,"showImageEffects":true,"showParticleSystems":true,"showVisualEffectGraphs":true,"m_FxEnabled":true},"in2DMode":false,"pivot":{"x":562.1629638671875,"y":803.469970703125,"z":208.79437255859376},"rotation":{"x":-0.5961650013923645,"y":-0.007631512824445963,"z":0.0008534809458069503,"w":-0.8033488988876343},"size":131.27430725097657,"orthographic":false}